Strategy Name,Iteration,Agent A Choice,Agent A Score,Agent B Choice,Agent B Score
tit_for_tat,1,Cooperate,3,Cooperate,3
tit_for_tat,2,Cooperate,6,Cooperate,6
tit_for_tat,3,Cooperate,9,Cooperate,9
tit_for_tat,4,Cooperate,12,Cooperate,12
tit_for_tat,5,Cooperate,15,Cooperate,15
tit_for_tat,6,Cooperate,18,Cooperate,18
tit_for_tat,7,Cooperate,21,Cooperate,21
tit_for_tat,8,Cooperate,24,Cooperate,24
tit_for_tat,9,Cooperate,27,Cooperate,27
tit_for_tat,10,Cooperate,30,Cooperate,30
tit_for_tat,11,Cooperate,33,Cooperate,33
tit_for_tat,12,Cooperate,36,Cooperate,36
tit_for_tat,13,Cooperate,39,Cooperate,39
tit_for_tat,14,Cooperate,42,Cooperate,42
tit_for_tat,15,Cooperate,45,Cooperate,45
tit_for_tat,16,Cooperate,48,Cooperate,48
tit_for_tat,17,Cooperate,51,Cooperate,51
tit_for_tat,18,Cooperate,54,Cooperate,54
tit_for_tat,19,Cooperate,57,Cooperate,57
tit_for_tat,20,Cooperate,60,Cooperate,60
tit_for_tat,21,Cooperate,63,Cooperate,63
tit_for_tat,22,Cooperate,66,Cooperate,66
tit_for_tat,23,Cooperate,69,Cooperate,69
tit_for_tat,24,Cooperate,72,Cooperate,72
tit_for_tat,25,Cooperate,75,Cooperate,75
tit_for_tat,26,Cooperate,78,Cooperate,78
tit_for_tat,27,Cooperate,81,Cooperate,81
tit_for_tat,28,Cooperate,84,Cooperate,84
tit_for_tat,29,Cooperate,87,Cooperate,87
tit_for_tat,30,Cooperate,90,Cooperate,90
tit_for_tat,31,Cooperate,93,Cooperate,93
tit_for_tat,32,Cooperate,96,Cooperate,96
tit_for_tat,33,Cooperate,99,Cooperate,99
tit_for_tat,34,Cooperate,102,Cooperate,102
tit_for_tat,35,Cooperate,105,Cooperate,105
tit_for_tat,36,Cooperate,108,Cooperate,108
tit_for_tat,37,Cooperate,111,Cooperate,111
tit_for_tat,38,Cooperate,114,Cooperate,114
tit_for_tat,39,Cooperate,117,Cooperate,117
tit_for_tat,40,Cooperate,120,Cooperate,120
tit_for_tat,41,Cooperate,123,Cooperate,123
tit_for_tat,42,Cooperate,126,Cooperate,126
tit_for_tat,43,Cooperate,129,Cooperate,129
tit_for_tat,44,Cooperate,132,Cooperate,132
tit_for_tat,45,Cooperate,135,Cooperate,135
tit_for_tat,46,Cooperate,138,Cooperate,138
tit_for_tat,47,Cooperate,141,Cooperate,141
tit_for_tat,48,Cooperate,144,Cooperate,144
tit_for_tat,49,Cooperate,147,Cooperate,147
tit_for_tat,50,Cooperate,150,Cooperate,150
tit_for_two_tats,1,Cooperate,3,Cooperate,3
tit_for_two_tats,2,Cooperate,6,Cooperate,6
tit_for_two_tats,3,Cooperate,9,Cooperate,9
tit_for_two_tats,4,Cooperate,12,Cooperate,12
tit_for_two_tats,5,Cooperate,15,Cooperate,15
tit_for_two_tats,6,Cooperate,18,Cooperate,18
tit_for_two_tats,7,Cooperate,21,Cooperate,21
tit_for_two_tats,8,Cooperate,24,Cooperate,24
tit_for_two_tats,9,Cooperate,27,Cooperate,27
tit_for_two_tats,10,Cooperate,30,Cooperate,30
tit_for_two_tats,11,Cooperate,33,Cooperate,33
tit_for_two_tats,12,Cooperate,36,Cooperate,36
tit_for_two_tats,13,Cooperate,39,Cooperate,39
tit_for_two_tats,14,Cooperate,42,Cooperate,42
tit_for_two_tats,15,Cooperate,45,Cooperate,45
tit_for_two_tats,16,Cooperate,48,Cooperate,48
tit_for_two_tats,17,Cooperate,51,Cooperate,51
tit_for_two_tats,18,Cooperate,54,Cooperate,54
tit_for_two_tats,19,Cooperate,57,Cooperate,57
tit_for_two_tats,20,Cooperate,60,Cooperate,60
tit_for_two_tats,21,Cooperate,63,Cooperate,63
tit_for_two_tats,22,Cooperate,66,Cooperate,66
tit_for_two_tats,23,Cooperate,69,Cooperate,69
tit_for_two_tats,24,Cooperate,72,Cooperate,72
tit_for_two_tats,25,Cooperate,75,Cooperate,75
tit_for_two_tats,26,Cooperate,78,Cooperate,78
tit_for_two_tats,27,Cooperate,81,Cooperate,81
tit_for_two_tats,28,Cooperate,84,Cooperate,84
tit_for_two_tats,29,Cooperate,87,Cooperate,87
tit_for_two_tats,30,Cooperate,90,Cooperate,90
tit_for_two_tats,31,Cooperate,93,Cooperate,93
tit_for_two_tats,32,Cooperate,96,Cooperate,96
tit_for_two_tats,33,Cooperate,99,Cooperate,99
tit_for_two_tats,34,Cooperate,102,Cooperate,102
tit_for_two_tats,35,Cooperate,105,Cooperate,105
tit_for_two_tats,36,Cooperate,108,Cooperate,108
tit_for_two_tats,37,Cooperate,111,Cooperate,111
tit_for_two_tats,38,Cooperate,114,Cooperate,114
tit_for_two_tats,39,Cooperate,117,Cooperate,117
tit_for_two_tats,40,Cooperate,120,Cooperate,120
tit_for_two_tats,41,Cooperate,123,Cooperate,123
tit_for_two_tats,42,Cooperate,126,Cooperate,126
tit_for_two_tats,43,Cooperate,129,Cooperate,129
tit_for_two_tats,44,Cooperate,132,Cooperate,132
tit_for_two_tats,45,Cooperate,135,Cooperate,135
tit_for_two_tats,46,Cooperate,138,Cooperate,138
tit_for_two_tats,47,Cooperate,141,Cooperate,141
tit_for_two_tats,48,Cooperate,144,Cooperate,144
tit_for_two_tats,49,Cooperate,147,Cooperate,147
tit_for_two_tats,50,Cooperate,150,Cooperate,150
generous_tit_for_tat,1,Cooperate,3,Cooperate,3
generous_tit_for_tat,2,Cooperate,6,Cooperate,6
generous_tit_for_tat,3,Cooperate,9,Cooperate,9
generous_tit_for_tat,4,Cooperate,12,Cooperate,12
generous_tit_for_tat,5,Cooperate,15,Cooperate,15
generous_tit_for_tat,6,Cooperate,18,Cooperate,18
generous_tit_for_tat,7,Cooperate,21,Cooperate,21
generous_tit_for_tat,8,Cooperate,24,Cooperate,24
generous_tit_for_tat,9,Cooperate,27,Cooperate,27
generous_tit_for_tat,10,Cooperate,30,Cooperate,30
generous_tit_for_tat,11,Cooperate,33,Cooperate,33
generous_tit_for_tat,12,Cooperate,36,Cooperate,36
generous_tit_for_tat,13,Cooperate,39,Cooperate,39
generous_tit_for_tat,14,Cooperate,42,Cooperate,42
generous_tit_for_tat,15,Cooperate,45,Cooperate,45
generous_tit_for_tat,16,Cooperate,48,Cooperate,48
generous_tit_for_tat,17,Cooperate,51,Cooperate,51
generous_tit_for_tat,18,Cooperate,54,Cooperate,54
generous_tit_for_tat,19,Cooperate,57,Cooperate,57
generous_tit_for_tat,20,Cooperate,60,Cooperate,60
generous_tit_for_tat,21,Cooperate,63,Cooperate,63
generous_tit_for_tat,22,Cooperate,66,Cooperate,66
generous_tit_for_tat,23,Cooperate,69,Cooperate,69
generous_tit_for_tat,24,Cooperate,72,Cooperate,72
generous_tit_for_tat,25,Cooperate,75,Cooperate,75
generous_tit_for_tat,26,Cooperate,78,Cooperate,78
generous_tit_for_tat,27,Cooperate,81,Cooperate,81
generous_tit_for_tat,28,Cooperate,84,Cooperate,84
generous_tit_for_tat,29,Cooperate,87,Cooperate,87
generous_tit_for_tat,30,Cooperate,90,Cooperate,90
generous_tit_for_tat,31,Cooperate,93,Cooperate,93
generous_tit_for_tat,32,Cooperate,96,Cooperate,96
generous_tit_for_tat,33,Cooperate,99,Cooperate,99
generous_tit_for_tat,34,Cooperate,102,Cooperate,102
generous_tit_for_tat,35,Cooperate,105,Cooperate,105
generous_tit_for_tat,36,Cooperate,108,Cooperate,108
generous_tit_for_tat,37,Cooperate,111,Cooperate,111
generous_tit_for_tat,38,Cooperate,114,Cooperate,114
generous_tit_for_tat,39,Cooperate,117,Cooperate,117
generous_tit_for_tat,40,Cooperate,120,Cooperate,120
generous_tit_for_tat,41,Cooperate,123,Cooperate,123
generous_tit_for_tat,42,Cooperate,126,Cooperate,126
generous_tit_for_tat,43,Cooperate,129,Cooperate,129
generous_tit_for_tat,44,Cooperate,132,Cooperate,132
generous_tit_for_tat,45,Cooperate,135,Cooperate,135
generous_tit_for_tat,46,Cooperate,138,Cooperate,138
generous_tit_for_tat,47,Cooperate,141,Cooperate,141
generous_tit_for_tat,48,Cooperate,144,Cooperate,144
generous_tit_for_tat,49,Cooperate,147,Cooperate,147
generous_tit_for_tat,50,Cooperate,150,Cooperate,150
grim_trigger,1,Cooperate,3,Cooperate,3
grim_trigger,2,Cooperate,6,Cooperate,6
grim_trigger,3,Cooperate,9,Cooperate,9
grim_trigger,4,Cooperate,12,Cooperate,12
grim_trigger,5,Cooperate,15,Cooperate,15
grim_trigger,6,Cooperate,18,Cooperate,18
grim_trigger,7,Cooperate,21,Cooperate,21
grim_trigger,8,Cooperate,24,Cooperate,24
grim_trigger,9,Cooperate,27,Cooperate,27
grim_trigger,10,Cooperate,30,Cooperate,30
grim_trigger,11,Cooperate,33,Cooperate,33
grim_trigger,12,Cooperate,36,Cooperate,36
grim_trigger,13,Cooperate,39,Cooperate,39
grim_trigger,14,Cooperate,42,Cooperate,42
grim_trigger,15,Cooperate,45,Cooperate,45
grim_trigger,16,Cooperate,48,Cooperate,48
grim_trigger,17,Cooperate,51,Cooperate,51
grim_trigger,18,Cooperate,54,Cooperate,54
grim_trigger,19,Cooperate,57,Cooperate,57
grim_trigger,20,Cooperate,60,Cooperate,60
grim_trigger,21,Cooperate,63,Cooperate,63
grim_trigger,22,Cooperate,66,Cooperate,66
grim_trigger,23,Cooperate,69,Cooperate,69
grim_trigger,24,Cooperate,72,Cooperate,72
grim_trigger,25,Cooperate,75,Cooperate,75
grim_trigger,26,Cooperate,78,Cooperate,78
grim_trigger,27,Cooperate,81,Cooperate,81
grim_trigger,28,Cooperate,84,Cooperate,84
grim_trigger,29,Cooperate,87,Cooperate,87
grim_trigger,30,Cooperate,90,Cooperate,90
grim_trigger,31,Cooperate,93,Cooperate,93
grim_trigger,32,Cooperate,96,Cooperate,96
grim_trigger,33,Cooperate,99,Cooperate,99
grim_trigger,34,Cooperate,102,Cooperate,102
grim_trigger,35,Cooperate,105,Cooperate,105
grim_trigger,36,Cooperate,108,Cooperate,108
grim_trigger,37,Cooperate,111,Cooperate,111
grim_trigger,38,Cooperate,114,Cooperate,114
grim_trigger,39,Cooperate,117,Cooperate,117
grim_trigger,40,Cooperate,120,Cooperate,120
grim_trigger,41,Cooperate,123,Cooperate,123
grim_trigger,42,Cooperate,126,Cooperate,126
grim_trigger,43,Cooperate,129,Cooperate,129
grim_trigger,44,Cooperate,132,Cooperate,132
grim_trigger,45,Cooperate,135,Cooperate,135
grim_trigger,46,Cooperate,138,Cooperate,138
grim_trigger,47,Cooperate,141,Cooperate,141
grim_trigger,48,Cooperate,144,Cooperate,144
grim_trigger,49,Cooperate,147,Cooperate,147
grim_trigger,50,Cooperate,150,Cooperate,150
pavlov,1,Cooperate,3,Cooperate,3
pavlov,2,Cooperate,6,Cooperate,6
pavlov,3,Cooperate,9,Cooperate,9
pavlov,4,Cooperate,12,Cooperate,12
pavlov,5,Cooperate,15,Cooperate,15
pavlov,6,Cooperate,18,Cooperate,18
pavlov,7,Cooperate,21,Cooperate,21
pavlov,8,Cooperate,24,Cooperate,24
pavlov,9,Cooperate,27,Cooperate,27
pavlov,10,Cooperate,30,Cooperate,30
pavlov,11,Cooperate,33,Cooperate,33
pavlov,12,Cooperate,36,Cooperate,36
pavlov,13,Cooperate,39,Cooperate,39
pavlov,14,Cooperate,42,Cooperate,42
pavlov,15,Cooperate,45,Cooperate,45
pavlov,16,Cooperate,48,Cooperate,48
pavlov,17,Cooperate,51,Cooperate,51
pavlov,18,Cooperate,54,Cooperate,54
pavlov,19,Cooperate,57,Cooperate,57
pavlov,20,Cooperate,60,Cooperate,60
pavlov,21,Cooperate,63,Cooperate,63
pavlov,22,Cooperate,66,Cooperate,66
pavlov,23,Cooperate,69,Cooperate,69
pavlov,24,Cooperate,72,Cooperate,72
pavlov,25,Cooperate,75,Cooperate,75
pavlov,26,Cooperate,78,Cooperate,78
pavlov,27,Cooperate,81,Cooperate,81
pavlov,28,Cooperate,84,Cooperate,84
pavlov,29,Cooperate,87,Cooperate,87
pavlov,30,Cooperate,90,Cooperate,90
pavlov,31,Cooperate,93,Cooperate,93
pavlov,32,Cooperate,96,Cooperate,96
pavlov,33,Cooperate,99,Cooperate,99
pavlov,34,Cooperate,102,Cooperate,102
pavlov,35,Cooperate,105,Cooperate,105
pavlov,36,Cooperate,108,Cooperate,108
pavlov,37,Cooperate,111,Cooperate,111
pavlov,38,Cooperate,114,Cooperate,114
pavlov,39,Cooperate,117,Cooperate,117
pavlov,40,Cooperate,120,Cooperate,120
pavlov,41,Cooperate,123,Cooperate,123
pavlov,42,Cooperate,126,Cooperate,126
pavlov,43,Cooperate,129,Cooperate,129
pavlov,44,Cooperate,132,Cooperate,132
pavlov,45,Cooperate,135,Cooperate,135
pavlov,46,Cooperate,138,Cooperate,138
pavlov,47,Cooperate,141,Cooperate,141
pavlov,48,Cooperate,144,Cooperate,144
pavlov,49,Cooperate,147,Cooperate,147
pavlov,50,Cooperate,150,Cooperate,150
adaptive_strategy,1,Cooperate,3,Cooperate,3
adaptive_strategy,2,Cooperate,6,Cooperate,6
adaptive_strategy,3,Cooperate,9,Cooperate,9
adaptive_strategy,4,Cooperate,12,Cooperate,12
adaptive_strategy,5,Cooperate,15,Cooperate,15
adaptive_strategy,6,Cooperate,18,Cooperate,18
adaptive_strategy,7,Cooperate,21,Cooperate,21
adaptive_strategy,8,Cooperate,24,Cooperate,24
adaptive_strategy,9,Cooperate,27,Cooperate,27
adaptive_strategy,10,Cooperate,30,Cooperate,30
adaptive_strategy,11,Cooperate,33,Cooperate,33
adaptive_strategy,12,Cooperate,36,Cooperate,36
adaptive_strategy,13,Cooperate,39,Cooperate,39
adaptive_strategy,14,Cooperate,42,Cooperate,42
adaptive_strategy,15,Cooperate,45,Cooperate,45
adaptive_strategy,16,Cooperate,48,Cooperate,48
adaptive_strategy,17,Cooperate,51,Cooperate,51
adaptive_strategy,18,Cooperate,54,Cooperate,54
adaptive_strategy,19,Cooperate,57,Cooperate,57
adaptive_strategy,20,Cooperate,60,Cooperate,60
adaptive_strategy,21,Cooperate,63,Cooperate,63
adaptive_strategy,22,Cooperate,66,Cooperate,66
adaptive_strategy,23,Cooperate,69,Cooperate,69
adaptive_strategy,24,Cooperate,72,Cooperate,72
adaptive_strategy,25,Cooperate,75,Cooperate,75
adaptive_strategy,26,Cooperate,78,Cooperate,78
adaptive_strategy,27,Cooperate,81,Cooperate,81
adaptive_strategy,28,Cooperate,84,Cooperate,84
adaptive_strategy,29,Cooperate,87,Cooperate,87
adaptive_strategy,30,Cooperate,90,Cooperate,90
adaptive_strategy,31,Cooperate,93,Cooperate,93
adaptive_strategy,32,Cooperate,96,Cooperate,96
adaptive_strategy,33,Cooperate,99,Cooperate,99
adaptive_strategy,34,Cooperate,102,Cooperate,102
adaptive_strategy,35,Cooperate,105,Cooperate,105
adaptive_strategy,36,Cooperate,108,Cooperate,108
adaptive_strategy,37,Cooperate,111,Cooperate,111
adaptive_strategy,38,Cooperate,114,Cooperate,114
adaptive_strategy,39,Cooperate,117,Cooperate,117
adaptive_strategy,40,Cooperate,120,Cooperate,120
adaptive_strategy,41,Cooperate,123,Cooperate,123
adaptive_strategy,42,Cooperate,126,Cooperate,126
adaptive_strategy,43,Cooperate,129,Cooperate,129
adaptive_strategy,44,Cooperate,132,Cooperate,132
adaptive_strategy,45,Cooperate,135,Cooperate,135
adaptive_strategy,46,Cooperate,138,Cooperate,138
adaptive_strategy,47,Cooperate,141,Cooperate,141
adaptive_strategy,48,Cooperate,144,Cooperate,144
adaptive_strategy,49,Cooperate,147,Cooperate,147
adaptive_strategy,50,Cooperate,150,Cooperate,150
suspicious_tit_for_tat,1,Defect,5,Cooperate,0
suspicious_tit_for_tat,2,Cooperate,5,Defect,5
suspicious_tit_for_tat,3,Defect,6,Defect,6
suspicious_tit_for_tat,4,Defect,7,Defect,7
suspicious_tit_for_tat,5,Defect,8,Defect,8
suspicious_tit_for_tat,6,Defect,9,Defect,9
suspicious_tit_for_tat,7,Defect,10,Defect,10
suspicious_tit_for_tat,8,Defect,11,Defect,11
suspicious_tit_for_tat,9,Defect,12,Defect,12
suspicious_tit_for_tat,10,Defect,13,Defect,13
suspicious_tit_for_tat,11,Defect,14,Defect,14
suspicious_tit_for_tat,12,Defect,15,Defect,15
suspicious_tit_for_tat,13,Defect,16,Defect,16
suspicious_tit_for_tat,14,Defect,17,Defect,17
suspicious_tit_for_tat,15,Defect,18,Defect,18
suspicious_tit_for_tat,16,Defect,19,Defect,19
suspicious_tit_for_tat,17,Defect,20,Defect,20
suspicious_tit_for_tat,18,Defect,21,Defect,21
suspicious_tit_for_tat,19,Defect,22,Defect,22
suspicious_tit_for_tat,20,Defect,23,Defect,23
suspicious_tit_for_tat,21,Defect,24,Defect,24
suspicious_tit_for_tat,22,Defect,25,Defect,25
suspicious_tit_for_tat,23,Defect,26,Defect,26
suspicious_tit_for_tat,24,Defect,27,Defect,27
suspicious_tit_for_tat,25,Defect,28,Defect,28
suspicious_tit_for_tat,26,Defect,29,Defect,29
suspicious_tit_for_tat,27,Defect,30,Defect,30
suspicious_tit_for_tat,28,Defect,31,Defect,31
suspicious_tit_for_tat,29,Defect,32,Defect,32
suspicious_tit_for_tat,30,Defect,33,Defect,33
suspicious_tit_for_tat,31,Defect,34,Defect,34
suspicious_tit_for_tat,32,Defect,35,Defect,35
suspicious_tit_for_tat,33,Defect,36,Defect,36
suspicious_tit_for_tat,34,Defect,37,Defect,37
suspicious_tit_for_tat,35,Defect,38,Defect,38
suspicious_tit_for_tat,36,Defect,39,Defect,39
suspicious_tit_for_tat,37,Defect,40,Defect,40
suspicious_tit_for_tat,38,Defect,41,Defect,41
suspicious_tit_for_tat,39,Defect,42,Defect,42
suspicious_tit_for_tat,40,Defect,43,Defect,43
suspicious_tit_for_tat,41,Defect,44,Defect,44
suspicious_tit_for_tat,42,Defect,45,Defect,45
suspicious_tit_for_tat,43,Defect,46,Defect,46
suspicious_tit_for_tat,44,Defect,47,Defect,47
suspicious_tit_for_tat,45,Defect,48,Defect,48
suspicious_tit_for_tat,46,Defect,49,Defect,49
suspicious_tit_for_tat,47,Defect,50,Defect,50
suspicious_tit_for_tat,48,Defect,51,Defect,51
suspicious_tit_for_tat,49,Defect,52,Defect,52
suspicious_tit_for_tat,50,Defect,53,Defect,53
random_strategy,1,Cooperate,3,Cooperate,3
random_strategy,2,Cooperate,6,Cooperate,6
random_strategy,3,Defect,11,Cooperate,6
random_strategy,4,Cooperate,11,Defect,11
random_strategy,5,Defect,12,Defect,12
random_strategy,6,Cooperate,15,Cooperate,15
random_strategy,7,Defect,16,Defect,16
random_strategy,8,Defect,17,Defect,17
random_strategy,9,Defect,18,Defect,18
random_strategy,10,Cooperate,18,Defect,23
random_strategy,11,Defect,19,Defect,24
random_strategy,12,Cooperate,19,Defect,29
random_strategy,13,Cooperate,19,Defect,34
random_strategy,14,Defect,20,Defect,35
random_strategy,15,Cooperate,20,Defect,40
random_strategy,16,Cooperate,20,Defect,45
random_strategy,17,Cooperate,20,Defect,50
random_strategy,18,Cooperate,20,Defect,55
random_strategy,19,Cooperate,20,Defect,60
random_strategy,20,Cooperate,20,Defect,65
random_strategy,21,Cooperate,20,Defect,70
random_strategy,22,Cooperate,20,Defect,75
random_strategy,23,Defect,21,Defect,76
random_strategy,24,Defect,22,Defect,77
random_strategy,25,Defect,23,Defect,78
random_strategy,26,Defect,24,Defect,79
random_strategy,27,Cooperate,24,Defect,84
random_strategy,28,Cooperate,24,Defect,89
random_strategy,29,Cooperate,24,Defect,94
random_strategy,30,Defect,25,Defect,95
random_strategy,31,Defect,26,Defect,96
random_strategy,32,Defect,27,Defect,97
random_strategy,33,Cooperate,27,Defect,102
random_strategy,34,Defect,28,Defect,103
random_strategy,35,Cooperate,28,Defect,108
random_strategy,36,Cooperate,28,Defect,113
random_strategy,37,Defect,29,Defect,114
random_strategy,38,Cooperate,29,Defect,119
random_strategy,39,Defect,30,Defect,120
random_strategy,40,Cooperate,30,Defect,125
random_strategy,41,Cooperate,30,Defect,130
random_strategy,42,Cooperate,30,Defect,135
random_strategy,43,Cooperate,30,Defect,140
random_strategy,44,Cooperate,30,Defect,145
random_strategy,45,Defect,31,Defect,146
random_strategy,46,Defect,32,Defect,147
random_strategy,47,Defect,33,Defect,148
random_strategy,48,Cooperate,33,Defect,153
random_strategy,49,Defect,34,Defect,154
random_strategy,50,Defect,35,Defect,155
tester,1,Cooperate,3,Cooperate,3
tester,2,Defect,8,Cooperate,3
tester,3,Defect,9,Defect,4
tester,4,Cooperate,9,Defect,9
tester,5,Cooperate,9,Defect,14
tester,6,Cooperate,9,Defect,19
tester,7,Cooperate,9,Defect,24
tester,8,Cooperate,12,Cooperate,27
tester,9,Defect,13,Defect,28
tester,10,Cooperate,16,Cooperate,31
tester,11,Defect,17,Defect,32
tester,12,Cooperate,20,Cooperate,35
tester,13,Defect,21,Defect,36
tester,14,Cooperate,21,Defect,41
tester,15,Cooperate,21,Defect,46
tester,16,Cooperate,21,Defect,51
tester,17,Cooperate,21,Defect,56
tester,18,Cooperate,21,Defect,61
tester,19,Cooperate,21,Defect,66
tester,20,Cooperate,24,Cooperate,69
tester,21,Defect,29,Cooperate,69
tester,22,Defect,30,Defect,70
tester,23,Cooperate,30,Defect,75
tester,24,Cooperate,30,Defect,80
tester,25,Cooperate,30,Defect,85
tester,26,Cooperate,30,Defect,90
tester,27,Cooperate,30,Defect,95
tester,28,Cooperate,30,Defect,100
tester,29,Cooperate,30,Defect,105
tester,30,Cooperate,30,Defect,110
tester,31,Cooperate,30,Defect,115
tester,32,Cooperate,33,Cooperate,118
tester,33,Defect,34,Defect,119
tester,34,Cooperate,34,Defect,124
tester,35,Cooperate,34,Defect,129
tester,36,Cooperate,34,Defect,134
tester,37,Cooperate,34,Defect,139
tester,38,Cooperate,34,Defect,144
tester,39,Cooperate,34,Defect,149
tester,40,Cooperate,34,Defect,154
tester,41,Cooperate,34,Defect,159
tester,42,Cooperate,34,Defect,164
tester,43,Cooperate,34,Defect,169
tester,44,Cooperate,34,Defect,174
tester,45,Cooperate,34,Defect,179
tester,46,Cooperate,34,Defect,184
tester,47,Cooperate,34,Defect,189
tester,48,Cooperate,37,Cooperate,192
tester,49,Defect,38,Defect,193
tester,50,Cooperate,38,Defect,198
gradual,1,Cooperate,3,Cooperate,3
gradual,2,Cooperate,6,Cooperate,6
gradual,3,Cooperate,9,Cooperate,9
gradual,4,Cooperate,12,Cooperate,12
gradual,5,Cooperate,15,Cooperate,15
gradual,6,Cooperate,18,Cooperate,18
gradual,7,Cooperate,21,Cooperate,21
gradual,8,Cooperate,24,Cooperate,24
gradual,9,Cooperate,27,Cooperate,27
gradual,10,Cooperate,30,Cooperate,30
gradual,11,Cooperate,33,Cooperate,33
gradual,12,Cooperate,36,Cooperate,36
gradual,13,Cooperate,39,Cooperate,39
gradual,14,Cooperate,42,Cooperate,42
gradual,15,Cooperate,45,Cooperate,45
gradual,16,Cooperate,48,Cooperate,48
gradual,17,Cooperate,51,Cooperate,51
gradual,18,Cooperate,54,Cooperate,54
gradual,19,Cooperate,57,Cooperate,57
gradual,20,Cooperate,60,Cooperate,60
gradual,21,Cooperate,63,Cooperate,63
gradual,22,Cooperate,66,Cooperate,66
gradual,23,Cooperate,69,Cooperate,69
gradual,24,Cooperate,72,Cooperate,72
gradual,25,Cooperate,75,Cooperate,75
gradual,26,Cooperate,78,Cooperate,78
gradual,27,Cooperate,81,Cooperate,81
gradual,28,Cooperate,84,Cooperate,84
gradual,29,Cooperate,87,Cooperate,87
gradual,30,Cooperate,90,Cooperate,90
gradual,31,Cooperate,93,Cooperate,93
gradual,32,Cooperate,96,Cooperate,96
gradual,33,Cooperate,99,Cooperate,99
gradual,34,Cooperate,102,Cooperate,102
gradual,35,Cooperate,105,Cooperate,105
gradual,36,Cooperate,108,Cooperate,108
gradual,37,Cooperate,111,Cooperate,111
gradual,38,Cooperate,114,Cooperate,114
gradual,39,Cooperate,117,Cooperate,117
gradual,40,Cooperate,120,Cooperate,120
gradual,41,Cooperate,123,Cooperate,123
gradual,42,Cooperate,126,Cooperate,126
gradual,43,Cooperate,129,Cooperate,129
gradual,44,Cooperate,132,Cooperate,132
gradual,45,Cooperate,135,Cooperate,135
gradual,46,Cooperate,138,Cooperate,138
gradual,47,Cooperate,141,Cooperate,141
gradual,48,Cooperate,144,Cooperate,144
gradual,49,Cooperate,147,Cooperate,147
gradual,50,Cooperate,150,Cooperate,150
pavlov_with_forgiveness,1,Cooperate,3,Cooperate,3
pavlov_with_forgiveness,2,Cooperate,6,Cooperate,6
pavlov_with_forgiveness,3,Cooperate,9,Cooperate,9
pavlov_with_forgiveness,4,Cooperate,12,Cooperate,12
pavlov_with_forgiveness,5,Cooperate,15,Cooperate,15
pavlov_with_forgiveness,6,Cooperate,18,Cooperate,18
pavlov_with_forgiveness,7,Cooperate,21,Cooperate,21
pavlov_with_forgiveness,8,Cooperate,24,Cooperate,24
pavlov_with_forgiveness,9,Cooperate,27,Cooperate,27
pavlov_with_forgiveness,10,Cooperate,30,Cooperate,30
pavlov_with_forgiveness,11,Cooperate,33,Cooperate,33
pavlov_with_forgiveness,12,Cooperate,36,Cooperate,36
pavlov_with_forgiveness,13,Cooperate,39,Cooperate,39
pavlov_with_forgiveness,14,Cooperate,42,Cooperate,42
pavlov_with_forgiveness,15,Cooperate,45,Cooperate,45
pavlov_with_forgiveness,16,Cooperate,48,Cooperate,48
pavlov_with_forgiveness,17,Cooperate,51,Cooperate,51
pavlov_with_forgiveness,18,Cooperate,54,Cooperate,54
pavlov_with_forgiveness,19,Cooperate,57,Cooperate,57
pavlov_with_forgiveness,20,Cooperate,60,Cooperate,60
pavlov_with_forgiveness,21,Cooperate,63,Cooperate,63
pavlov_with_forgiveness,22,Cooperate,66,Cooperate,66
pavlov_with_forgiveness,23,Cooperate,69,Cooperate,69
pavlov_with_forgiveness,24,Cooperate,72,Cooperate,72
pavlov_with_forgiveness,25,Cooperate,75,Cooperate,75
pavlov_with_forgiveness,26,Cooperate,78,Cooperate,78
pavlov_with_forgiveness,27,Cooperate,81,Cooperate,81
pavlov_with_forgiveness,28,Cooperate,84,Cooperate,84
pavlov_with_forgiveness,29,Cooperate,87,Cooperate,87
pavlov_with_forgiveness,30,Cooperate,90,Cooperate,90
pavlov_with_forgiveness,31,Cooperate,93,Cooperate,93
pavlov_with_forgiveness,32,Cooperate,96,Cooperate,96
pavlov_with_forgiveness,33,Cooperate,99,Cooperate,99
pavlov_with_forgiveness,34,Cooperate,102,Cooperate,102
pavlov_with_forgiveness,35,Cooperate,105,Cooperate,105
pavlov_with_forgiveness,36,Cooperate,108,Cooperate,108
pavlov_with_forgiveness,37,Cooperate,111,Cooperate,111
pavlov_with_forgiveness,38,Cooperate,114,Cooperate,114
pavlov_with_forgiveness,39,Cooperate,117,Cooperate,117
pavlov_with_forgiveness,40,Cooperate,120,Cooperate,120
pavlov_with_forgiveness,41,Cooperate,123,Cooperate,123
pavlov_with_forgiveness,42,Cooperate,126,Cooperate,126
pavlov_with_forgiveness,43,Cooperate,129,Cooperate,129
pavlov_with_forgiveness,44,Cooperate,132,Cooperate,132
pavlov_with_forgiveness,45,Cooperate,135,Cooperate,135
pavlov_with_forgiveness,46,Cooperate,138,Cooperate,138
pavlov_with_forgiveness,47,Cooperate,141,Cooperate,141
pavlov_with_forgiveness,48,Cooperate,144,Cooperate,144
pavlov_with_forgiveness,49,Cooperate,147,Cooperate,147
pavlov_with_forgiveness,50,Cooperate,150,Cooperate,150
memory_two_strategy,1,Cooperate,3,Cooperate,3
memory_two_strategy,2,Cooperate,6,Cooperate,6
memory_two_strategy,3,Cooperate,9,Cooperate,9
memory_two_strategy,4,Cooperate,12,Cooperate,12
memory_two_strategy,5,Cooperate,15,Cooperate,15
memory_two_strategy,6,Cooperate,18,Cooperate,18
memory_two_strategy,7,Cooperate,21,Cooperate,21
memory_two_strategy,8,Cooperate,24,Cooperate,24
memory_two_strategy,9,Cooperate,27,Cooperate,27
memory_two_strategy,10,Cooperate,30,Cooperate,30
memory_two_strategy,11,Cooperate,33,Cooperate,33
memory_two_strategy,12,Cooperate,36,Cooperate,36
memory_two_strategy,13,Cooperate,39,Cooperate,39
memory_two_strategy,14,Cooperate,42,Cooperate,42
memory_two_strategy,15,Cooperate,45,Cooperate,45
memory_two_strategy,16,Cooperate,48,Cooperate,48
memory_two_strategy,17,Cooperate,51,Cooperate,51
memory_two_strategy,18,Cooperate,54,Cooperate,54
memory_two_strategy,19,Cooperate,57,Cooperate,57
memory_two_strategy,20,Cooperate,60,Cooperate,60
memory_two_strategy,21,Cooperate,63,Cooperate,63
memory_two_strategy,22,Cooperate,66,Cooperate,66
memory_two_strategy,23,Cooperate,69,Cooperate,69
memory_two_strategy,24,Cooperate,72,Cooperate,72
memory_two_strategy,25,Cooperate,75,Cooperate,75
memory_two_strategy,26,Cooperate,78,Cooperate,78
memory_two_strategy,27,Cooperate,81,Cooperate,81
memory_two_strategy,28,Cooperate,84,Cooperate,84
memory_two_strategy,29,Cooperate,87,Cooperate,87
memory_two_strategy,30,Cooperate,90,Cooperate,90
memory_two_strategy,31,Cooperate,93,Cooperate,93
memory_two_strategy,32,Cooperate,96,Cooperate,96
memory_two_strategy,33,Cooperate,99,Cooperate,99
memory_two_strategy,34,Cooperate,102,Cooperate,102
memory_two_strategy,35,Cooperate,105,Cooperate,105
memory_two_strategy,36,Cooperate,108,Cooperate,108
memory_two_strategy,37,Cooperate,111,Cooperate,111
memory_two_strategy,38,Cooperate,114,Cooperate,114
memory_two_strategy,39,Cooperate,117,Cooperate,117
memory_two_strategy,40,Cooperate,120,Cooperate,120
memory_two_strategy,41,Cooperate,123,Cooperate,123
memory_two_strategy,42,Cooperate,126,Cooperate,126
memory_two_strategy,43,Cooperate,129,Cooperate,129
memory_two_strategy,44,Cooperate,132,Cooperate,132
memory_two_strategy,45,Cooperate,135,Cooperate,135
memory_two_strategy,46,Cooperate,138,Cooperate,138
memory_two_strategy,47,Cooperate,141,Cooperate,141
memory_two_strategy,48,Cooperate,144,Cooperate,144
memory_two_strategy,49,Cooperate,147,Cooperate,147
memory_two_strategy,50,Cooperate,150,Cooperate,150
mirror_strategy,1,Cooperate,3,Cooperate,3
mirror_strategy,2,Cooperate,6,Cooperate,6
mirror_strategy,3,Cooperate,9,Cooperate,9
mirror_strategy,4,Cooperate,12,Cooperate,12
mirror_strategy,5,Cooperate,15,Cooperate,15
mirror_strategy,6,Cooperate,18,Cooperate,18
mirror_strategy,7,Cooperate,21,Cooperate,21
mirror_strategy,8,Cooperate,24,Cooperate,24
mirror_strategy,9,Cooperate,27,Cooperate,27
mirror_strategy,10,Cooperate,30,Cooperate,30
mirror_strategy,11,Cooperate,33,Cooperate,33
mirror_strategy,12,Cooperate,36,Cooperate,36
mirror_strategy,13,Cooperate,39,Cooperate,39
mirror_strategy,14,Cooperate,42,Cooperate,42
mirror_strategy,15,Cooperate,45,Cooperate,45
mirror_strategy,16,Cooperate,48,Cooperate,48
mirror_strategy,17,Cooperate,51,Cooperate,51
mirror_strategy,18,Cooperate,54,Cooperate,54
mirror_strategy,19,Cooperate,57,Cooperate,57
mirror_strategy,20,Cooperate,60,Cooperate,60
mirror_strategy,21,Cooperate,63,Cooperate,63
mirror_strategy,22,Cooperate,66,Cooperate,66
mirror_strategy,23,Cooperate,69,Cooperate,69
mirror_strategy,24,Cooperate,72,Cooperate,72
mirror_strategy,25,Cooperate,75,Cooperate,75
mirror_strategy,26,Cooperate,78,Cooperate,78
mirror_strategy,27,Cooperate,81,Cooperate,81
mirror_strategy,28,Cooperate,84,Cooperate,84
mirror_strategy,29,Cooperate,87,Cooperate,87
mirror_strategy,30,Cooperate,90,Cooperate,90
mirror_strategy,31,Cooperate,93,Cooperate,93
mirror_strategy,32,Cooperate,96,Cooperate,96
mirror_strategy,33,Cooperate,99,Cooperate,99
mirror_strategy,34,Cooperate,102,Cooperate,102
mirror_strategy,35,Cooperate,105,Cooperate,105
mirror_strategy,36,Cooperate,108,Cooperate,108
mirror_strategy,37,Cooperate,111,Cooperate,111
mirror_strategy,38,Cooperate,114,Cooperate,114
mirror_strategy,39,Cooperate,117,Cooperate,117
mirror_strategy,40,Cooperate,120,Cooperate,120
mirror_strategy,41,Cooperate,123,Cooperate,123
mirror_strategy,42,Cooperate,126,Cooperate,126
mirror_strategy,43,Cooperate,129,Cooperate,129
mirror_strategy,44,Cooperate,132,Cooperate,132
mirror_strategy,45,Cooperate,135,Cooperate,135
mirror_strategy,46,Cooperate,138,Cooperate,138
mirror_strategy,47,Cooperate,141,Cooperate,141
mirror_strategy,48,Cooperate,144,Cooperate,144
mirror_strategy,49,Cooperate,147,Cooperate,147
mirror_strategy,50,Cooperate,150,Cooperate,150
soft_majority,1,Cooperate,3,Cooperate,3
soft_majority,2,Cooperate,6,Cooperate,6
soft_majority,3,Cooperate,9,Cooperate,9
soft_majority,4,Cooperate,12,Cooperate,12
soft_majority,5,Cooperate,15,Cooperate,15
soft_majority,6,Cooperate,18,Cooperate,18
soft_majority,7,Cooperate,21,Cooperate,21
soft_majority,8,Cooperate,24,Cooperate,24
soft_majority,9,Cooperate,27,Cooperate,27
soft_majority,10,Cooperate,30,Cooperate,30
soft_majority,11,Cooperate,33,Cooperate,33
soft_majority,12,Cooperate,36,Cooperate,36
soft_majority,13,Cooperate,39,Cooperate,39
soft_majority,14,Cooperate,42,Cooperate,42
soft_majority,15,Cooperate,45,Cooperate,45
soft_majority,16,Cooperate,48,Cooperate,48
soft_majority,17,Cooperate,51,Cooperate,51
soft_majority,18,Cooperate,54,Cooperate,54
soft_majority,19,Cooperate,57,Cooperate,57
soft_majority,20,Cooperate,60,Cooperate,60
soft_majority,21,Cooperate,63,Cooperate,63
soft_majority,22,Cooperate,66,Cooperate,66
soft_majority,23,Cooperate,69,Cooperate,69
soft_majority,24,Cooperate,72,Cooperate,72
soft_majority,25,Cooperate,75,Cooperate,75
soft_majority,26,Cooperate,78,Cooperate,78
soft_majority,27,Cooperate,81,Cooperate,81
soft_majority,28,Cooperate,84,Cooperate,84
soft_majority,29,Cooperate,87,Cooperate,87
soft_majority,30,Cooperate,90,Cooperate,90
soft_majority,31,Cooperate,93,Cooperate,93
soft_majority,32,Cooperate,96,Cooperate,96
soft_majority,33,Cooperate,99,Cooperate,99
soft_majority,34,Cooperate,102,Cooperate,102
soft_majority,35,Cooperate,105,Cooperate,105
soft_majority,36,Cooperate,108,Cooperate,108
soft_majority,37,Cooperate,111,Cooperate,111
soft_majority,38,Cooperate,114,Cooperate,114
soft_majority,39,Cooperate,117,Cooperate,117
soft_majority,40,Cooperate,120,Cooperate,120
soft_majority,41,Cooperate,123,Cooperate,123
soft_majority,42,Cooperate,126,Cooperate,126
soft_majority,43,Cooperate,129,Cooperate,129
soft_majority,44,Cooperate,132,Cooperate,132
soft_majority,45,Cooperate,135,Cooperate,135
soft_majority,46,Cooperate,138,Cooperate,138
soft_majority,47,Cooperate,141,Cooperate,141
soft_majority,48,Cooperate,144,Cooperate,144
soft_majority,49,Cooperate,147,Cooperate,147
soft_majority,50,Cooperate,150,Cooperate,150
hard_majority,1,Defect,5,Cooperate,0
hard_majority,2,Cooperate,5,Defect,5
hard_majority,3,Cooperate,5,Defect,10
hard_majority,4,Defect,6,Defect,11
hard_majority,5,Defect,7,Defect,12
hard_majority,6,Defect,8,Defect,13
hard_majority,7,Defect,9,Defect,14
hard_majority,8,Defect,10,Defect,15
hard_majority,9,Defect,11,Defect,16
hard_majority,10,Defect,12,Defect,17
hard_majority,11,Defect,13,Defect,18
hard_majority,12,Defect,14,Defect,19
hard_majority,13,Defect,15,Defect,20
hard_majority,14,Defect,16,Defect,21
hard_majority,15,Defect,17,Defect,22
hard_majority,16,Defect,18,Defect,23
hard_majority,17,Defect,19,Defect,24
hard_majority,18,Defect,20,Defect,25
hard_majority,19,Defect,21,Defect,26
hard_majority,20,Defect,22,Defect,27
hard_majority,21,Defect,23,Defect,28
hard_majority,22,Defect,24,Defect,29
hard_majority,23,Defect,25,Defect,30
hard_majority,24,Defect,26,Defect,31
hard_majority,25,Defect,27,Defect,32
hard_majority,26,Defect,28,Defect,33
hard_majority,27,Defect,29,Defect,34
hard_majority,28,Defect,30,Defect,35
hard_majority,29,Defect,31,Defect,36
hard_majority,30,Defect,32,Defect,37
hard_majority,31,Defect,33,Defect,38
hard_majority,32,Defect,34,Defect,39
hard_majority,33,Defect,35,Defect,40
hard_majority,34,Defect,36,Defect,41
hard_majority,35,Defect,37,Defect,42
hard_majority,36,Defect,38,Defect,43
hard_majority,37,Defect,39,Defect,44
hard_majority,38,Defect,40,Defect,45
hard_majority,39,Defect,41,Defect,46
hard_majority,40,Defect,42,Defect,47
hard_majority,41,Defect,43,Defect,48
hard_majority,42,Defect,44,Defect,49
hard_majority,43,Defect,45,Defect,50
hard_majority,44,Defect,46,Defect,51
hard_majority,45,Defect,47,Defect,52
hard_majority,46,Defect,48,Defect,53
hard_majority,47,Defect,49,Defect,54
hard_majority,48,Defect,50,Defect,55
hard_majority,49,Defect,51,Defect,56
hard_majority,50,Defect,52,Defect,57
betrayal,1,Cooperate,3,Cooperate,3
betrayal,2,Cooperate,6,Cooperate,6
betrayal,3,Cooperate,9,Cooperate,9
betrayal,4,Cooperate,12,Cooperate,12
betrayal,5,Cooperate,15,Cooperate,15
betrayal,6,Defect,20,Cooperate,15
betrayal,7,Defect,21,Defect,16
betrayal,8,Defect,22,Defect,17
betrayal,9,Defect,23,Defect,18
betrayal,10,Defect,24,Defect,19
betrayal,11,Defect,25,Defect,20
betrayal,12,Defect,26,Defect,21
betrayal,13,Defect,27,Defect,22
betrayal,14,Defect,28,Defect,23
betrayal,15,Defect,29,Defect,24
betrayal,16,Defect,30,Defect,25
betrayal,17,Defect,31,Defect,26
betrayal,18,Defect,32,Defect,27
betrayal,19,Defect,33,Defect,28
betrayal,20,Defect,34,Defect,29
betrayal,21,Defect,35,Defect,30
betrayal,22,Defect,36,Defect,31
betrayal,23,Defect,37,Defect,32
betrayal,24,Defect,38,Defect,33
betrayal,25,Defect,39,Defect,34
betrayal,26,Defect,40,Defect,35
betrayal,27,Defect,41,Defect,36
betrayal,28,Defect,42,Defect,37
betrayal,29,Defect,43,Defect,38
betrayal,30,Defect,44,Defect,39
betrayal,31,Defect,45,Defect,40
betrayal,32,Defect,46,Defect,41
betrayal,33,Defect,47,Defect,42
betrayal,34,Defect,48,Defect,43
betrayal,35,Defect,49,Defect,44
betrayal,36,Defect,50,Defect,45
betrayal,37,Defect,51,Defect,46
betrayal,38,Defect,52,Defect,47
betrayal,39,Defect,53,Defect,48
betrayal,40,Defect,54,Defect,49
betrayal,41,Defect,55,Defect,50
betrayal,42,Defect,56,Defect,51
betrayal,43,Defect,57,Defect,52
betrayal,44,Defect,58,Defect,53
betrayal,45,Defect,59,Defect,54
betrayal,46,Defect,60,Defect,55
betrayal,47,Defect,61,Defect,56
betrayal,48,Defect,62,Defect,57
betrayal,49,Defect,63,Defect,58
betrayal,50,Defect,64,Defect,59
joss,1,Cooperate,3,Cooperate,3
joss,2,Cooperate,6,Cooperate,6
joss,3,Cooperate,9,Cooperate,9
joss,4,Cooperate,12,Cooperate,12
joss,5,Cooperate,15,Cooperate,15
joss,6,Cooperate,18,Cooperate,18
joss,7,Cooperate,21,Cooperate,21
joss,8,Cooperate,24,Cooperate,24
joss,9,Cooperate,27,Cooperate,27
joss,10,Cooperate,30,Cooperate,30
joss,11,Defect,35,Cooperate,30
joss,12,Cooperate,38,Cooperate,33
joss,13,Cooperate,41,Cooperate,36
joss,14,Cooperate,44,Cooperate,39
joss,15,Cooperate,47,Cooperate,42
joss,16,Defect,52,Cooperate,42
joss,17,Cooperate,52,Defect,47
joss,18,Defect,57,Cooperate,47
joss,19,Cooperate,60,Cooperate,50
joss,20,Cooperate,60,Defect,55
joss,21,Defect,65,Cooperate,55
joss,22,Cooperate,65,Defect,60
joss,23,Defect,66,Defect,61
joss,24,Defect,67,Defect,62
joss,25,Defect,68,Defect,63
joss,26,Defect,69,Defect,64
joss,27,Defect,70,Defect,65
joss,28,Defect,71,Defect,66
joss,29,Defect,72,Defect,67
joss,30,Defect,73,Defect,68
joss,31,Defect,74,Defect,69
joss,32,Defect,75,Defect,70
joss,33,Defect,76,Defect,71
joss,34,Defect,77,Defect,72
joss,35,Defect,78,Defect,73
joss,36,Defect,79,Defect,74
joss,37,Defect,80,Defect,75
joss,38,Defect,81,Defect,76
joss,39,Defect,82,Defect,77
joss,40,Defect,83,Defect,78
joss,41,Defect,84,Defect,79
joss,42,Defect,85,Defect,80
joss,43,Defect,86,Defect,81
joss,44,Defect,87,Defect,82
joss,45,Defect,88,Defect,83
joss,46,Defect,89,Defect,84
joss,47,Defect,90,Defect,85
joss,48,Defect,91,Defect,86
joss,49,Defect,92,Defect,87
joss,50,Defect,93,Defect,88
false_mirror,1,Cooperate,3,Cooperate,3
false_mirror,2,Cooperate,6,Cooperate,6
false_mirror,3,Cooperate,9,Cooperate,9
false_mirror,4,Cooperate,12,Cooperate,12
false_mirror,5,Cooperate,15,Cooperate,15
false_mirror,6,Defect,20,Cooperate,15
false_mirror,7,Cooperate,20,Defect,20
false_mirror,8,Defect,25,Cooperate,20
false_mirror,9,Defect,30,Cooperate,20
false_mirror,10,Cooperate,30,Defect,25
false_mirror,11,Defect,31,Defect,26
false_mirror,12,Defect,32,Defect,27
false_mirror,13,Defect,33,Defect,28
false_mirror,14,Defect,34,Defect,29
false_mirror,15,Defect,35,Defect,30
false_mirror,16,Defect,36,Defect,31
false_mirror,17,Defect,37,Defect,32
false_mirror,18,Defect,38,Defect,33
false_mirror,19,Defect,39,Defect,34
false_mirror,20,Defect,40,Defect,35
false_mirror,21,Defect,41,Defect,36
false_mirror,22,Defect,42,Defect,37
false_mirror,23,Defect,43,Defect,38
false_mirror,24,Defect,44,Defect,39
false_mirror,25,Defect,45,Defect,40
false_mirror,26,Defect,46,Defect,41
false_mirror,27,Defect,47,Defect,42
false_mirror,28,Defect,48,Defect,43
false_mirror,29,Defect,49,Defect,44
false_mirror,30,Defect,50,Defect,45
false_mirror,31,Defect,51,Defect,46
false_mirror,32,Defect,52,Defect,47
false_mirror,33,Defect,53,Defect,48
false_mirror,34,Defect,54,Defect,49
false_mirror,35,Defect,55,Defect,50
false_mirror,36,Defect,56,Defect,51
false_mirror,37,Defect,57,Defect,52
false_mirror,38,Defect,58,Defect,53
false_mirror,39,Defect,59,Defect,54
false_mirror,40,Defect,60,Defect,55
false_mirror,41,Defect,61,Defect,56
false_mirror,42,Defect,62,Defect,57
false_mirror,43,Defect,63,Defect,58
false_mirror,44,Defect,64,Defect,59
false_mirror,45,Defect,65,Defect,60
false_mirror,46,Defect,66,Defect,61
false_mirror,47,Defect,67,Defect,62
false_mirror,48,Defect,68,Defect,63
false_mirror,49,Defect,69,Defect,64
false_mirror,50,Defect,70,Defect,65
friedman,1,Cooperate,3,Cooperate,3
friedman,2,Cooperate,6,Cooperate,6
friedman,3,Cooperate,9,Cooperate,9
friedman,4,Cooperate,12,Cooperate,12
friedman,5,Cooperate,15,Cooperate,15
friedman,6,Cooperate,18,Cooperate,18
friedman,7,Cooperate,21,Cooperate,21
friedman,8,Cooperate,24,Cooperate,24
friedman,9,Cooperate,27,Cooperate,27
friedman,10,Cooperate,30,Cooperate,30
friedman,11,Cooperate,33,Cooperate,33
friedman,12,Cooperate,36,Cooperate,36
friedman,13,Cooperate,39,Cooperate,39
friedman,14,Cooperate,42,Cooperate,42
friedman,15,Cooperate,45,Cooperate,45
friedman,16,Cooperate,48,Cooperate,48
friedman,17,Cooperate,51,Cooperate,51
friedman,18,Cooperate,54,Cooperate,54
friedman,19,Cooperate,57,Cooperate,57
friedman,20,Cooperate,60,Cooperate,60
friedman,21,Cooperate,63,Cooperate,63
friedman,22,Cooperate,66,Cooperate,66
friedman,23,Cooperate,69,Cooperate,69
friedman,24,Cooperate,72,Cooperate,72
friedman,25,Cooperate,75,Cooperate,75
friedman,26,Cooperate,78,Cooperate,78
friedman,27,Cooperate,81,Cooperate,81
friedman,28,Cooperate,84,Cooperate,84
friedman,29,Cooperate,87,Cooperate,87
friedman,30,Cooperate,90,Cooperate,90
friedman,31,Cooperate,93,Cooperate,93
friedman,32,Cooperate,96,Cooperate,96
friedman,33,Cooperate,99,Cooperate,99
friedman,34,Cooperate,102,Cooperate,102
friedman,35,Cooperate,105,Cooperate,105
friedman,36,Cooperate,108,Cooperate,108
friedman,37,Cooperate,111,Cooperate,111
friedman,38,Cooperate,114,Cooperate,114
friedman,39,Cooperate,117,Cooperate,117
friedman,40,Cooperate,120,Cooperate,120
friedman,41,Cooperate,123,Cooperate,123
friedman,42,Cooperate,126,Cooperate,126
friedman,43,Cooperate,129,Cooperate,129
friedman,44,Cooperate,132,Cooperate,132
friedman,45,Cooperate,135,Cooperate,135
friedman,46,Cooperate,138,Cooperate,138
friedman,47,Cooperate,141,Cooperate,141
friedman,48,Cooperate,144,Cooperate,144
friedman,49,Cooperate,147,Cooperate,147
friedman,50,Cooperate,150,Cooperate,150
harrington,1,Cooperate,3,Cooperate,3
harrington,2,Cooperate,6,Cooperate,6
harrington,3,Cooperate,9,Cooperate,9
harrington,4,Cooperate,12,Cooperate,12
harrington,5,Cooperate,15,Cooperate,15
harrington,6,Cooperate,18,Cooperate,18
harrington,7,Cooperate,21,Cooperate,21
harrington,8,Cooperate,24,Cooperate,24
harrington,9,Cooperate,27,Cooperate,27
harrington,10,Cooperate,30,Cooperate,30
harrington,11,Cooperate,33,Cooperate,33
harrington,12,Cooperate,36,Cooperate,36
harrington,13,Cooperate,39,Cooperate,39
harrington,14,Cooperate,42,Cooperate,42
harrington,15,Cooperate,45,Cooperate,45
harrington,16,Cooperate,48,Cooperate,48
harrington,17,Cooperate,51,Cooperate,51
harrington,18,Cooperate,54,Cooperate,54
harrington,19,Cooperate,57,Cooperate,57
harrington,20,Cooperate,60,Cooperate,60
harrington,21,Cooperate,63,Cooperate,63
harrington,22,Cooperate,66,Cooperate,66
harrington,23,Cooperate,69,Cooperate,69
harrington,24,Cooperate,72,Cooperate,72
harrington,25,Cooperate,75,Cooperate,75
harrington,26,Cooperate,78,Cooperate,78
harrington,27,Cooperate,81,Cooperate,81
harrington,28,Cooperate,84,Cooperate,84
harrington,29,Cooperate,87,Cooperate,87
harrington,30,Cooperate,90,Cooperate,90
harrington,31,Cooperate,93,Cooperate,93
harrington,32,Cooperate,96,Cooperate,96
harrington,33,Cooperate,99,Cooperate,99
harrington,34,Cooperate,102,Cooperate,102
harrington,35,Cooperate,105,Cooperate,105
harrington,36,Cooperate,108,Cooperate,108
harrington,37,Cooperate,111,Cooperate,111
harrington,38,Cooperate,114,Cooperate,114
harrington,39,Cooperate,117,Cooperate,117
harrington,40,Cooperate,120,Cooperate,120
harrington,41,Cooperate,123,Cooperate,123
harrington,42,Cooperate,126,Cooperate,126
harrington,43,Cooperate,129,Cooperate,129
harrington,44,Cooperate,132,Cooperate,132
harrington,45,Cooperate,135,Cooperate,135
harrington,46,Cooperate,138,Cooperate,138
harrington,47,Cooperate,141,Cooperate,141
harrington,48,Cooperate,144,Cooperate,144
harrington,49,Cooperate,147,Cooperate,147
harrington,50,Cooperate,150,Cooperate,150
